{
  "avg_ear": 0.2883115805440963,
  "ear_thresh": 0.2162336854080722,
  "ear_multiplier": 0.75,
  "duration_sec": 10.0,
  "samples": 289,
  "created_at_unix": 1765748080.1250932
}